level,unit,title,epoch,ts,_id
2.361,W,Potencia Casa,1635250852,2021-10-26 12:20:52,6177f2aeb1e499ce87a0dd15
2.361,W,Potencia Casa,1635250852,2021-10-26 12:20:52,6177f2b8b1e499ce87a0dd16
2.382,W,Potencia Casa,1635250874,2021-10-26 12:21:14,6177f2c2b1e499ce87a0dd17
2.382,W,Potencia Casa,1635250874,2021-10-26 12:21:14,6177f2ccb1e499ce87a0dd18
14.872,W,Potencia Casa,1635250893,2021-10-26 12:21:33,6177f2d6b1e499ce87a0dd19
29.398,W,Potencia Casa,1635250903,2021-10-26 12:21:43,6177f2e0b1e499ce87a0dd1a
29.398,W,Potencia Casa,1635250903,2021-10-26 12:21:43,6177f2eab1e499ce87a0dd1b
29.398,W,Potencia Casa,1635250903,2021-10-26 12:21:43,6177f2f5b1e499ce87a0dd1c
3.813,W,Potencia Casa,1635250935,2021-10-26 12:22:15,6177f2ffb1e499ce87a0dd1d
3.813,W,Potencia Casa,1635250935,2021-10-26 12:22:15,6177f309b1e499ce87a0dd1e
14.598,W,Potencia Casa,1635250953,2021-10-26 12:22:33,6177f313b1e499ce87a0dd1f
14.598,W,Potencia Casa,1635250953,2021-10-26 12:22:33,6177f31db1e499ce87a0dd20
7.162,W,Potencia Casa,1635250974,2021-10-26 12:22:54,6177f327b1e499ce87a0dd21
7.162,W,Potencia Casa,1635250974,2021-10-26 12:22:54,6177f331b1e499ce87a0dd22
10.025,W,Potencia Casa,1635250994,2021-10-26 12:23:14,6177f33bb1e499ce87a0dd23
3.839,W,Potencia Casa,1635251004,2021-10-26 12:23:24,6177f345b1e499ce87a0dd24
17.228,W,Potencia Casa,1635251014,2021-10-26 12:23:34,6177f34fb1e499ce87a0dd25
3.741,W,Potencia Casa,1635251024,2021-10-26 12:23:44,6177f35ab1e499ce87a0dd26
16.458,W,Potencia Casa,1635251034,2021-10-26 12:23:54,6177f364b1e499ce87a0dd27
16.458,W,Potencia Casa,1635251034,2021-10-26 12:23:54,6177f36eb1e499ce87a0dd28
10.081,W,Potencia Casa,1635251055,2021-10-26 12:24:15,6177f378b1e499ce87a0dd29
10.066,W,Potencia Casa,1635251065,2021-10-26 12:24:25,6177f382b1e499ce87a0dd2a
76.7020032,W,Potencia Casa,1635251075,2021-10-26 12:24:35,6177f38cb1e499ce87a0dd2b
3.658,W,Potencia Casa,1635251085,2021-10-26 12:24:45,6177f396b1e499ce87a0dd2c
53.9700032,W,Potencia Casa,1635251095,2021-10-26 12:24:55,6177f3a0b1e499ce87a0dd2d
60.0009984,W,Potencia Casa,1635251112,2021-10-26 12:25:12,6177f3aab1e499ce87a0dd2e
23.977,W,Potencia Casa,1635251116,2021-10-26 12:25:16,6177f3b4b1e499ce87a0dd2f
70.0569984,W,Potencia Casa,1635251126,2021-10-26 12:25:26,6177f3bfb1e499ce87a0dd30
80.6139968,W,Potencia Casa,1635251136,2021-10-26 12:25:36,6177f3c9b1e499ce87a0dd31
21.7759984,W,Potencia Casa,1635251146,2021-10-26 12:25:46,6177f3d3b1e499ce87a0dd32
44.7770016,W,Potencia Casa,1635251156,2021-10-26 12:25:56,6177f3ddb1e499ce87a0dd33
81.72,W,Potencia Casa,1635251165,2021-10-26 12:26:05,6177f3e7b1e499ce87a0dd34
82.2369984,W,Potencia Casa,1635251176,2021-10-26 12:26:16,6177f3f1b1e499ce87a0dd35
17.7450016,W,Potencia Casa,1635251186,2021-10-26 12:26:26,6177f3fbb1e499ce87a0dd36
79.2710016,W,Potencia Casa,1635251195,2021-10-26 12:26:35,6177f405b1e499ce87a0dd37
82.8099968,W,Potencia Casa,1635251206,2021-10-26 12:26:46,6177f40fb1e499ce87a0dd38
85.4509952,W,Potencia Casa,1635251216,2021-10-26 12:26:56,6177f41ab1e499ce87a0dd39
17.9669984,W,Potencia Casa,1635251227,2021-10-26 12:27:07,6177f424b1e499ce87a0dd3a
17.9669984,W,Potencia Casa,1635251227,2021-10-26 12:27:07,6177f42eb1e499ce87a0dd3b
83.1,W,Potencia Casa,1635251246,2021-10-26 12:27:26,6177f438b1e499ce87a0dd3c
80.5990016,W,Potencia Casa,1635251256,2021-10-26 12:27:36,6177f442b1e499ce87a0dd3d
17.709,W,Potencia Casa,1635251266,2021-10-26 12:27:46,6177f44cb1e499ce87a0dd3e
,,,,,6177f458b1e499ce87a0dd3f
82.7020032,W,Potencia Casa,1635251290,2021-10-26 12:28:10,6177f463b1e499ce87a0dd40
81.7559936,W,Potencia Casa,1635251301,2021-10-26 12:28:21,6177f46db1e499ce87a0dd41
18.872,W,Potencia Casa,1635251311,2021-10-26 12:28:31,6177f478b1e499ce87a0dd42
55.1590016,W,Potencia Casa,1635251321,2021-10-26 12:28:41,6177f482b1e499ce87a0dd43
79.2549952,W,Potencia Casa,1635251331,2021-10-26 12:28:51,6177f48cb1e499ce87a0dd44
79.2549952,W,Potencia Casa,1635251331,2021-10-26 12:28:51,6177f496b1e499ce87a0dd45
17.91,W,Potencia Casa,1635251352,2021-10-26 12:29:12,6177f4a0b1e499ce87a0dd46
80.552,W,Potencia Casa,1635251361,2021-10-26 12:29:21,6177f4aab1e499ce87a0dd47
82.5260032,W,Potencia Casa,1635251371,2021-10-26 12:29:31,6177f4b4b1e499ce87a0dd48
79.7050048,W,Potencia Casa,1635251381,2021-10-26 12:29:41,6177f4beb1e499ce87a0dd49
17.611,W,Potencia Casa,1635251391,2021-10-26 12:29:51,6177f4c8b1e499ce87a0dd4a
85.4049984,W,Potencia Casa,1635251410,2021-10-26 12:30:10,6177f4d2b1e499ce87a0dd4b
81.7050048,W,Potencia Casa,1635251412,2021-10-26 12:30:12,6177f4ddb1e499ce87a0dd4c
81.7050048,W,Potencia Casa,1635251412,2021-10-26 12:30:12,6177f4e7b1e499ce87a0dd4d
17.688,W,Potencia Casa,1635251432,2021-10-26 12:30:32,6177f4f1b1e499ce87a0dd4e
79.6529984,W,Potencia Casa,1635251442,2021-10-26 12:30:42,6177f4fbb1e499ce87a0dd4f
83.0739968,W,Potencia Casa,1635251452,2021-10-26 12:30:52,6177f505b1e499ce87a0dd50
83.0739968,W,Potencia Casa,1635251452,2021-10-26 12:30:52,6177f50fb1e499ce87a0dd51
18.339,W,Potencia Casa,1635251473,2021-10-26 12:31:13,6177f519b1e499ce87a0dd52
82.5469952,W,Potencia Casa,1635251482,2021-10-26 12:31:22,6177f523b1e499ce87a0dd53
79.028,W,Potencia Casa,1635251493,2021-10-26 12:31:33,6177f52db1e499ce87a0dd54
17.513,W,Potencia Casa,1635251503,2021-10-26 12:31:43,6177f538b1e499ce87a0dd55
91.1610048,W,Potencia Casa,1635251512,2021-10-26 12:31:52,6177f542b1e499ce87a0dd56
91.1610048,W,Potencia Casa,1635251512,2021-10-26 12:31:52,6177f54cb1e499ce87a0dd57
30.556,W,Potencia Casa,1635251537,2021-10-26 12:32:17,6177f556b1e499ce87a0dd58
94.6490048,W,Potencia Casa,1635251543,2021-10-26 12:32:23,6177f560b1e499ce87a0dd59
101.884,W,Potencia Casa,1635251553,2021-10-26 12:32:33,6177f56ab1e499ce87a0dd5a
30.23,W,Potencia Casa,1635251563,2021-10-26 12:32:43,6177f574b1e499ce87a0dd5b
89.3470016,W,Potencia Casa,1635251574,2021-10-26 12:32:54,6177f57eb1e499ce87a0dd5c
89.3470016,W,Potencia Casa,1635251574,2021-10-26 12:32:54,6177f588b1e499ce87a0dd5d
78.056,W,Potencia Casa,1635251593,2021-10-26 12:33:13,6177f593b1e499ce87a0dd5e
30.488,W,Potencia Casa,1635251603,2021-10-26 12:33:23,6177f59db1e499ce87a0dd5f
93.7860032,W,Potencia Casa,1635251613,2021-10-26 12:33:33,6177f5a7b1e499ce87a0dd60
94.68,W,Potencia Casa,1635251623,2021-10-26 12:33:43,6177f5b1b1e499ce87a0dd61
30.5869984,W,Potencia Casa,1635251633,2021-10-26 12:33:53,6177f5bbb1e499ce87a0dd62
30.4009984,W,Potencia Casa,1635251645,2021-10-26 12:34:05,6177f5c5b1e499ce87a0dd63
97.0419968,W,Potencia Casa,1635251654,2021-10-26 12:34:14,6177f5cfb1e499ce87a0dd64
101.8430016,W,Potencia Casa,1635251664,2021-10-26 12:34:24,6177f5dab1e499ce87a0dd65
30.054,W,Potencia Casa,1635251674,2021-10-26 12:34:34,6177f5e4b1e499ce87a0dd66
93.3570048,W,Potencia Casa,1635251684,2021-10-26 12:34:44,6177f5eeb1e499ce87a0dd67
93.3570048,W,Potencia Casa,1635251684,2021-10-26 12:34:44,6177f5f8b1e499ce87a0dd68
92.3030016,W,Potencia Casa,1635251710,2021-10-26 12:35:10,6177f602b1e499ce87a0dd69
30.132,W,Potencia Casa,1635251715,2021-10-26 12:35:15,6177f60cb1e499ce87a0dd6a
94.928,W,Potencia Casa,1635251725,2021-10-26 12:35:25,6177f616b1e499ce87a0dd6b
97.016,W,Potencia Casa,1635251735,2021-10-26 12:35:35,6177f620b1e499ce87a0dd6c
110.2710016,W,Potencia Casa,1635251745,2021-10-26 12:35:45,6177f62ab1e499ce87a0dd6d
30.0590016,W,Potencia Casa,1635251756,2021-10-26 12:35:56,6177f634b1e499ce87a0dd6e
17.44,W,Potencia Casa,1635251769,2021-10-26 12:36:09,6177f63fb1e499ce87a0dd6f
3.55,W,Potencia Casa,1635251776,2021-10-26 12:36:16,6177f649b1e499ce87a0dd70
1934.9420032,W,Potencia Casa,1635251786,2021-10-26 12:36:26,6177f653b1e499ce87a0dd71
1996.6181376,W,Potencia Casa,1635251796,2021-10-26 12:36:36,6177f65db1e499ce87a0dd72
1926.5241088,W,Potencia Casa,1635251806,2021-10-26 12:36:46,6177f667b1e499ce87a0dd73
1992.0699392,W,Potencia Casa,1635251816,2021-10-26 12:36:56,6177f671b1e499ce87a0dd74
1992.0699392,W,Potencia Casa,1635251816,2021-10-26 12:36:56,6177f67bb1e499ce87a0dd75
1953.5661056,W,Potencia Casa,1635251839,2021-10-26 12:37:19,6177f685b1e499ce87a0dd76
1937.45408,W,Potencia Casa,1635251846,2021-10-26 12:37:26,6177f68fb1e499ce87a0dd77
2006.2140416,W,Potencia Casa,1635251857,2021-10-26 12:37:37,6177f699b1e499ce87a0dd78
1962.0100096,W,Potencia Casa,1635251867,2021-10-26 12:37:47,6177f6a4b1e499ce87a0dd79
1928.8188928,W,Potencia Casa,1635251877,2021-10-26 12:37:57,6177f6aeb1e499ce87a0dd7a
2003.9610368,W,Potencia Casa,1635251892,2021-10-26 12:38:12,6177f6b8b1e499ce87a0dd7b
1934.5240064,W,Potencia Casa,1635251897,2021-10-26 12:38:17,6177f6c2b1e499ce87a0dd7c
1991.1870464,W,Potencia Casa,1635251907,2021-10-26 12:38:27,6177f6ccb1e499ce87a0dd7d
1926.6168832,W,Potencia Casa,1635251917,2021-10-26 12:38:37,6177f6d6b1e499ce87a0dd7e
1991.589888,W,Potencia Casa,1635251927,2021-10-26 12:38:47,6177f6e0b1e499ce87a0dd7f
1939.588096,W,Potencia Casa,1635251937,2021-10-26 12:38:57,6177f6eab1e499ce87a0dd80
1996.157952,W,Potencia Casa,1635251951,2021-10-26 12:39:11,6177f6f4b1e499ce87a0dd81
1928.5239808,W,Potencia Casa,1635251958,2021-10-26 12:39:18,6177f6ffb1e499ce87a0dd82
1988.9129472,W,Potencia Casa,1635251968,2021-10-26 12:39:28,6177f709b1e499ce87a0dd83
1928.8500224,W,Potencia Casa,1635251978,2021-10-26 12:39:38,6177f713b1e499ce87a0dd84
2008.5239808,W,Potencia Casa,1635251988,2021-10-26 12:39:48,6177f71db1e499ce87a0dd85
,,,,,6177f729b1e499ce87a0dd86
1932.4469248,W,Potencia Casa,1635252013,2021-10-26 12:40:13,6177f735b1e499ce87a0dd87
1994.8498944,W,Potencia Casa,1635252022,2021-10-26 12:40:22,6177f73fb1e499ce87a0dd88
1928.5710848,W,Potencia Casa,1635252032,2021-10-26 12:40:32,6177f749b1e499ce87a0dd89
1984.72704,W,Potencia Casa,1635252042,2021-10-26 12:40:42,6177f753b1e499ce87a0dd8a
1917.4500352,W,Potencia Casa,1635252053,2021-10-26 12:40:53,6177f75db1e499ce87a0dd8b
1923.1031296,W,Potencia Casa,1635252068,2021-10-26 12:41:08,6177f768b1e499ce87a0dd8c
1916.1939968,W,Potencia Casa,1635252072,2021-10-26 12:41:12,6177f772b1e499ce87a0dd8d
1977.8799616,W,Potencia Casa,1635252082,2021-10-26 12:41:22,6177f77cb1e499ce87a0dd8e
1915.470848,W,Potencia Casa,1635252092,2021-10-26 12:41:32,6177f786b1e499ce87a0dd8f
1951.2410112,W,Potencia Casa,1635252102,2021-10-26 12:41:42,6177f791b1e499ce87a0dd90
1988.261888,W,Potencia Casa,1635252113,2021-10-26 12:41:53,6177f79bb1e499ce87a0dd91
1988.261888,W,Potencia Casa,1635252113,2021-10-26 12:41:53,6177f7a5b1e499ce87a0dd92
1951.489024,W,Potencia Casa,1635252141,2021-10-26 12:42:21,6177f7afb1e499ce87a0dd93
1936.4769792,W,Potencia Casa,1635252144,2021-10-26 12:42:24,6177f7b9b1e499ce87a0dd94
2002.8289024,W,Potencia Casa,1635252154,2021-10-26 12:42:34,6177f7c3b1e499ce87a0dd95
1938.518016,W,Potencia Casa,1635252164,2021-10-26 12:42:44,6177f7cdb1e499ce87a0dd96
80.6809984,W,Potencia Casa,1635252174,2021-10-26 12:42:54,6177f7d7b1e499ce87a0dd97
81.1409984,W,Potencia Casa,1635252184,2021-10-26 12:43:04,6177f7e1b1e499ce87a0dd98
70.7129984,W,Potencia Casa,1635252194,2021-10-26 12:43:14,6177f7ebb1e499ce87a0dd99
37.304,W,Potencia Casa,1635252204,2021-10-26 12:43:24,6177f7f6b1e499ce87a0dd9a
17.032,W,Potencia Casa,1635252214,2021-10-26 12:43:34,6177f800b1e499ce87a0dd9b
56.8590016,W,Potencia Casa,1635252224,2021-10-26 12:43:44,6177f80ab1e499ce87a0dd9c
58.848,W,Potencia Casa,1635252234,2021-10-26 12:43:54,6177f814b1e499ce87a0dd9d
56.988,W,Potencia Casa,1635252252,2021-10-26 12:44:12,6177f81eb1e499ce87a0dd9e
28.23,W,Potencia Casa,1635252254,2021-10-26 12:44:14,6177f828b1e499ce87a0dd9f
59.0190016,W,Potencia Casa,1635252264,2021-10-26 12:44:24,6177f832b1e499ce87a0dda0
66.76,W,Potencia Casa,1635252275,2021-10-26 12:44:35,6177f83cb1e499ce87a0dda1
73.0380032,W,Potencia Casa,1635252285,2021-10-26 12:44:45,6177f846b1e499ce87a0dda2
16.9389984,W,Potencia Casa,1635252295,2021-10-26 12:44:55,6177f850b1e499ce87a0dda3
76.0459968,W,Potencia Casa,1635252305,2021-10-26 12:45:05,6177f85bb1e499ce87a0dda4
78.5210048,W,Potencia Casa,1635252315,2021-10-26 12:45:15,6177f865b1e499ce87a0dda5
80.5619968,W,Potencia Casa,1635252325,2021-10-26 12:45:25,6177f86fb1e499ce87a0dda6
80.5619968,W,Potencia Casa,1635252325,2021-10-26 12:45:25,6177f879b1e499ce87a0dda7
79.596,W,Potencia Casa,1635252345,2021-10-26 12:45:45,6177f883b1e499ce87a0dda8
82.4739968,W,Potencia Casa,1635252355,2021-10-26 12:45:55,6177f88db1e499ce87a0dda9
79.8750016,W,Potencia Casa,1635252367,2021-10-26 12:46:07,6177f897b1e499ce87a0ddaa
16.681,W,Potencia Casa,1635252376,2021-10-26 12:46:16,6177f8a1b1e499ce87a0ddab
80.0660032,W,Potencia Casa,1635252386,2021-10-26 12:46:26,6177f8abb1e499ce87a0ddac
80.0660032,W,Potencia Casa,1635252386,2021-10-26 12:46:26,6177f8b6b1e499ce87a0ddad
76.372,W,Potencia Casa,1635252406,2021-10-26 12:46:46,6177f8c0b1e499ce87a0ddae
76.372,W,Potencia Casa,1635252406,2021-10-26 12:46:46,6177f8cab1e499ce87a0ddaf
78.092,W,Potencia Casa,1635252426,2021-10-26 12:47:06,6177f8d4b1e499ce87a0ddb0
82.2060032,W,Potencia Casa,1635252437,2021-10-26 12:47:17,6177f8deb1e499ce87a0ddb1
109.0360064,W,Potencia Casa,1635252447,2021-10-26 12:47:27,6177f8e9b1e499ce87a0ddb2
100.5820032,W,Potencia Casa,1635252457,2021-10-26 12:47:37,6177f8f3b1e499ce87a0ddb3
107.4599936,W,Potencia Casa,1635252467,2021-10-26 12:47:47,6177f8fdb1e499ce87a0ddb4
100.1009984,W,Potencia Casa,1635252477,2021-10-26 12:47:57,6177f907b1e499ce87a0ddb5
89.0630016,W,Potencia Casa,1635252488,2021-10-26 12:48:08,6177f911b1e499ce87a0ddb6
102.8809984,W,Potencia Casa,1635252497,2021-10-26 12:48:17,6177f91bb1e499ce87a0ddb7
79.1670016,W,Potencia Casa,1635252507,2021-10-26 12:48:27,6177f925b1e499ce87a0ddb8
95.4810048,W,Potencia Casa,1635252517,2021-10-26 12:48:37,6177f92fb1e499ce87a0ddb9
95.4810048,W,Potencia Casa,1635252517,2021-10-26 12:48:37,6177f939b1e499ce87a0ddba
95.4810048,W,Potencia Casa,1635252517,2021-10-26 12:48:37,6177f943b1e499ce87a0ddbb
100.664,W,Potencia Casa,1635252556,2021-10-26 12:49:16,6177f94eb1e499ce87a0ddbc
64.5270016,W,Potencia Casa,1635252558,2021-10-26 12:49:18,6177f958b1e499ce87a0ddbd
84.0350016,W,Potencia Casa,1635252568,2021-10-26 12:49:28,6177f962b1e499ce87a0ddbe
65.148,W,Potencia Casa,1635252578,2021-10-26 12:49:38,6177f96cb1e499ce87a0ddbf
65.148,W,Potencia Casa,1635252578,2021-10-26 12:49:38,6177f976b1e499ce87a0ddc0
67.0029952,W,Potencia Casa,1635252599,2021-10-26 12:49:59,6177f980b1e499ce87a0ddc1
107.4189952,W,Potencia Casa,1635252616,2021-10-26 12:50:16,6177f98ab1e499ce87a0ddc2
65.3700032,W,Potencia Casa,1635252619,2021-10-26 12:50:19,6177f994b1e499ce87a0ddc3
69.4990016,W,Potencia Casa,1635252630,2021-10-26 12:50:30,6177f99eb1e499ce87a0ddc4
73.6429952,W,Potencia Casa,1635252640,2021-10-26 12:50:40,6177f9a8b1e499ce87a0ddc5
80.4750016,W,Potencia Casa,1635252650,2021-10-26 12:50:50,6177f9b3b1e499ce87a0ddc6
60.2070016,W,Potencia Casa,1635252660,2021-10-26 12:51:00,6177f9bdb1e499ce87a0ddc7
78.0409984,W,Potencia Casa,1635252671,2021-10-26 12:51:11,6177f9c7b1e499ce87a0ddc8
60.2070016,W,Potencia Casa,1635252680,2021-10-26 12:51:20,6177f9d1b1e499ce87a0ddc9
33.1650016,W,Potencia Casa,1635252690,2021-10-26 12:51:30,6177f9dbb1e499ce87a0ddca
74.6660032,W,Potencia Casa,1635252700,2021-10-26 12:51:40,6177f9e5b1e499ce87a0ddcb
53.582,W,Potencia Casa,1635252710,2021-10-26 12:51:50,6177f9efb1e499ce87a0ddcc
63.4729984,W,Potencia Casa,1635252721,2021-10-26 12:52:01,6177f9f9b1e499ce87a0ddcd
18.732,W,Potencia Casa,1635252733,2021-10-26 12:52:13,6177fa03b1e499ce87a0ddce
81.4929984,W,Potencia Casa,1635252741,2021-10-26 12:52:21,6177fa0db1e499ce87a0ddcf
78.4750016,W,Potencia Casa,1635252751,2021-10-26 12:52:31,6177fa18b1e499ce87a0ddd0
78.0049984,W,Potencia Casa,1635252761,2021-10-26 12:52:41,6177fa22b1e499ce87a0ddd1
16.112,W,Potencia Casa,1635252771,2021-10-26 12:52:51,6177fa2cb1e499ce87a0ddd2
73.4,W,Potencia Casa,1635252782,2021-10-26 12:53:02,6177fa36b1e499ce87a0ddd3
73.824,W,Potencia Casa,1635252792,2021-10-26 12:53:12,6177fa40b1e499ce87a0ddd4
80.692,W,Potencia Casa,1635252802,2021-10-26 12:53:22,6177fa4bb1e499ce87a0ddd5
17.285,W,Potencia Casa,1635252812,2021-10-26 12:53:32,6177fa55b1e499ce87a0ddd6
81.916,W,Potencia Casa,1635252822,2021-10-26 12:53:42,6177fa5fb1e499ce87a0ddd7
78.0510016,W,Potencia Casa,1635252832,2021-10-26 12:53:52,6177fa69b1e499ce87a0ddd8
57.0550016,W,Potencia Casa,1635252847,2021-10-26 12:54:07,6177fa73b1e499ce87a0ddd9
16.851,W,Potencia Casa,1635252851,2021-10-26 12:54:11,6177fa7db1e499ce87a0ddda
76.5059968,W,Potencia Casa,1635252862,2021-10-26 12:54:22,6177fa87b1e499ce87a0dddb
77.6689984,W,Potencia Casa,1635252872,2021-10-26 12:54:32,6177fa91b1e499ce87a0dddc
78.6190016,W,Potencia Casa,1635252882,2021-10-26 12:54:42,6177fa9bb1e499ce87a0dddd
96.696,W,Potencia Casa,1635252892,2021-10-26 12:54:52,6177faa5b1e499ce87a0ddde
60.0569984,W,Potencia Casa,1635252906,2021-10-26 12:55:06,6177fab0b1e499ce87a0dddf
97.8169984,W,Potencia Casa,1635252912,2021-10-26 12:55:12,6177fabab1e499ce87a0dde0
85.5179968,W,Potencia Casa,1635252922,2021-10-26 12:55:22,6177fac4b1e499ce87a0dde1
96.5299968,W,Potencia Casa,1635252932,2021-10-26 12:55:32,6177faceb1e499ce87a0dde2
78.6089984,W,Potencia Casa,1635252942,2021-10-26 12:55:42,6177fad8b1e499ce87a0dde3
88.4430016,W,Potencia Casa,1635252953,2021-10-26 12:55:53,6177fae2b1e499ce87a0dde4
76.9140032,W,Potencia Casa,1635252966,2021-10-26 12:56:06,6177faecb1e499ce87a0dde5
86.0449984,W,Potencia Casa,1635252973,2021-10-26 12:56:13,6177faf7b1e499ce87a0dde6
66.832,W,Potencia Casa,1635252984,2021-10-26 12:56:24,6177fb01b1e499ce87a0dde7
81.8649984,W,Potencia Casa,1635252994,2021-10-26 12:56:34,6177fb0bb1e499ce87a0dde8
58.0990016,W,Potencia Casa,1635253007,2021-10-26 12:56:47,6177fb15b1e499ce87a0dde9
58.0990016,W,Potencia Casa,1635253007,2021-10-26 12:56:47,6177fb1fb1e499ce87a0ddea
82.6139968,W,Potencia Casa,1635253031,2021-10-26 12:57:11,6177fb29b1e499ce87a0ddeb
78.4950016,W,Potencia Casa,1635253034,2021-10-26 12:57:14,6177fb33b1e499ce87a0ddec
78.4950016,W,Potencia Casa,1635253034,2021-10-26 12:57:14,6177fb3db1e499ce87a0dded
79.3169984,W,Potencia Casa,1635253054,2021-10-26 12:57:34,6177fb48b1e499ce87a0ddee
55.8660032,W,Potencia Casa,1635253064,2021-10-26 12:57:44,6177fb52b1e499ce87a0ddef
78.2580032,W,Potencia Casa,1635253074,2021-10-26 12:57:54,6177fb5cb1e499ce87a0ddf0
16.65,W,Potencia Casa,1635253087,2021-10-26 12:58:07,6177fb66b1e499ce87a0ddf1
60.7030016,W,Potencia Casa,1635253094,2021-10-26 12:58:14,6177fb70b1e499ce87a0ddf2
60.7030016,W,Potencia Casa,1635253094,2021-10-26 12:58:14,6177fb7ab1e499ce87a0ddf3
64.8990016,W,Potencia Casa,1635253115,2021-10-26 12:58:35,6177fb84b1e499ce87a0ddf4
83.26,W,Potencia Casa,1635253125,2021-10-26 12:58:45,6177fb8eb1e499ce87a0ddf5
51.4790016,W,Potencia Casa,1635253136,2021-10-26 12:58:56,6177fb98b1e499ce87a0ddf6
86.4950016,W,Potencia Casa,1635253151,2021-10-26 12:59:11,6177fba3b1e499ce87a0ddf7
48.88,W,Potencia Casa,1635253156,2021-10-26 12:59:16,6177fbadb1e499ce87a0ddf8
21.352,W,Potencia Casa,1635253166,2021-10-26 12:59:26,6177fbb7b1e499ce87a0ddf9
63.628,W,Potencia Casa,1635253176,2021-10-26 12:59:36,6177fbc1b1e499ce87a0ddfa
71.8140032,W,Potencia Casa,1635253186,2021-10-26 12:59:46,6177fbcbb1e499ce87a0ddfb
75.6790016,W,Potencia Casa,1635253196,2021-10-26 12:59:56,6177fbd5b1e499ce87a0ddfc
57.3550016,W,Potencia Casa,1635253212,2021-10-26 13:00:12,6177fbdfb1e499ce87a0ddfd
79.2910016,W,Potencia Casa,1635253216,2021-10-26 13:00:16,6177fbeab1e499ce87a0ddfe
79.2910016,W,Potencia Casa,1635253216,2021-10-26 13:00:16,6177fbf4b1e499ce87a0ddff
79.0230016,W,Potencia Casa,1635253236,2021-10-26 13:00:36,6177fbfeb1e499ce87a0de00
17.001,W,Potencia Casa,1635253246,2021-10-26 13:00:46,6177fc08b1e499ce87a0de01
79.9530048,W,Potencia Casa,1635253256,2021-10-26 13:00:56,6177fc12b1e499ce87a0de02
75.5090048,W,Potencia Casa,1635253266,2021-10-26 13:01:06,6177fc1cb1e499ce87a0de03
77.824,W,Potencia Casa,1635253276,2021-10-26 13:01:16,6177fc26b1e499ce87a0de04
17.125,W,Potencia Casa,1635253287,2021-10-26 13:01:27,6177fc30b1e499ce87a0de05
80.692,W,Potencia Casa,1635253297,2021-10-26 13:01:37,6177fc3ab1e499ce87a0de06
75.0380032,W,Potencia Casa,1635253307,2021-10-26 13:01:47,6177fc44b1e499ce87a0de07
81.0529984,W,Potencia Casa,1635253317,2021-10-26 13:01:57,6177fc4fb1e499ce87a0de08
21.6720016,W,Potencia Casa,1635253327,2021-10-26 13:02:07,6177fc59b1e499ce87a0de09
79.3580032,W,Potencia Casa,1635253337,2021-10-26 13:02:17,6177fc63b1e499ce87a0de0a
80.8209984,W,Potencia Casa,1635253347,2021-10-26 13:02:27,6177fc6db1e499ce87a0de0b
74.0100032,W,Potencia Casa,1635253357,2021-10-26 13:02:37,6177fc77b1e499ce87a0de0c
93.5490048,W,Potencia Casa,1635253367,2021-10-26 13:02:47,6177fc81b1e499ce87a0de0d
80.18,W,Potencia Casa,1635253378,2021-10-26 13:02:58,6177fc8bb1e499ce87a0de0e
87.4870016,W,Potencia Casa,1635253388,2021-10-26 13:03:08,6177fc95b1e499ce87a0de0f
88.1689984,W,Potencia Casa,1635253398,2021-10-26 13:03:18,6177fc9fb1e499ce87a0de10
110.492992,W,Potencia Casa,1635253408,2021-10-26 13:03:28,6177fcaab1e499ce87a0de11
110.416,W,Potencia Casa,1635253418,2021-10-26 13:03:38,6177fcb4b1e499ce87a0de12
106.344,W,Potencia Casa,1635253428,2021-10-26 13:03:48,6177fcbeb1e499ce87a0de13
105.4339968,W,Potencia Casa,1635253438,2021-10-26 13:03:58,6177fcc8b1e499ce87a0de14
98.1689984,W,Potencia Casa,1635253448,2021-10-26 13:04:08,6177fcd2b1e499ce87a0de15
62.4350016,W,Potencia Casa,1635253458,2021-10-26 13:04:18,6177fcdcb1e499ce87a0de16
59.3339968,W,Potencia Casa,1635253468,2021-10-26 13:04:28,6177fce6b1e499ce87a0de17
59.3339968,W,Potencia Casa,1635253468,2021-10-26 13:04:28,6177fcf0b1e499ce87a0de18
77.1470016,W,Potencia Casa,1635253489,2021-10-26 13:04:49,6177fcfab1e499ce87a0de19
79.8339968,W,Potencia Casa,1635253499,2021-10-26 13:04:59,6177fd04b1e499ce87a0de1a
60.9459968,W,Potencia Casa,1635253509,2021-10-26 13:05:09,6177fd0fb1e499ce87a0de1b
60.9459968,W,Potencia Casa,1635253509,2021-10-26 13:05:09,6177fd19b1e499ce87a0de1c
72.0199936,W,Potencia Casa,1635253529,2021-10-26 13:05:29,6177fd23b1e499ce87a0de1d
72.0199936,W,Potencia Casa,1635253529,2021-10-26 13:05:29,6177fd2db1e499ce87a0de1e
69.8860032,W,Potencia Casa,1635253549,2021-10-26 13:05:49,6177fd37b1e499ce87a0de1f
65.3489984,W,Potencia Casa,1635253559,2021-10-26 13:05:59,6177fd41b1e499ce87a0de20
50.7400032,W,Potencia Casa,1635253570,2021-10-26 13:06:10,6177fd4bb1e499ce87a0de21
57.1270016,W,Potencia Casa,1635253580,2021-10-26 13:06:20,6177fd55b1e499ce87a0de22
53.4169984,W,Potencia Casa,1635253590,2021-10-26 13:06:30,6177fd5fb1e499ce87a0de23
60.5540032,W,Potencia Casa,1635253600,2021-10-26 13:06:40,6177fd6ab1e499ce87a0de24
42.178,W,Potencia Casa,1635253610,2021-10-26 13:06:50,6177fd74b1e499ce87a0de25
42.178,W,Potencia Casa,1635253610,2021-10-26 13:06:50,6177fd7eb1e499ce87a0de26
41.6349984,W,Potencia Casa,1635253631,2021-10-26 13:07:11,6177fd88b1e499ce87a0de27
16.7479984,W,Potencia Casa,1635253640,2021-10-26 13:07:20,6177fd92b1e499ce87a0de28
16.7479984,W,Potencia Casa,1635253640,2021-10-26 13:07:20,6177fd9cb1e499ce87a0de29
46.2190016,W,Potencia Casa,1635253660,2021-10-26 13:07:40,6177fda6b1e499ce87a0de2a
46.2190016,W,Potencia Casa,1635253660,2021-10-26 13:07:40,6177fdb0b1e499ce87a0de2b
16.934,W,Potencia Casa,1635253682,2021-10-26 13:08:02,6177fdbab1e499ce87a0de2c
75.9530048,W,Potencia Casa,1635253691,2021-10-26 13:08:11,6177fdc4b1e499ce87a0de2d
77.5699968,W,Potencia Casa,1635253701,2021-10-26 13:08:21,6177fdcfb1e499ce87a0de2e
75.2860032,W,Potencia Casa,1635253711,2021-10-26 13:08:31,6177fdd9b1e499ce87a0de2f
16.799,W,Potencia Casa,1635253721,2021-10-26 13:08:41,6177fde3b1e499ce87a0de30
79.1,W,Potencia Casa,1635253731,2021-10-26 13:08:51,6177fdedb1e499ce87a0de31
79.1,W,Potencia Casa,1635253731,2021-10-26 13:08:51,6177fdf8b1e499ce87a0de32
78.1750016,W,Potencia Casa,1635253752,2021-10-26 13:09:12,6177fe02b1e499ce87a0de33
41.666,W,Potencia Casa,1635253762,2021-10-26 13:09:22,6177fe0cb1e499ce87a0de34
80.4229952,W,Potencia Casa,1635253772,2021-10-26 13:09:32,6177fe16b1e499ce87a0de35
81.0689984,W,Potencia Casa,1635253782,2021-10-26 13:09:42,6177fe20b1e499ce87a0de36
79.3529984,W,Potencia Casa,1635253793,2021-10-26 13:09:53,6177fe2bb1e499ce87a0de37
97.5169984,W,Potencia Casa,1635253803,2021-10-26 13:10:03,6177fe35b1e499ce87a0de38
94.2510016,W,Potencia Casa,1635253814,2021-10-26 13:10:14,6177fe3fb1e499ce87a0de39
91.9110016,W,Potencia Casa,1635253824,2021-10-26 13:10:24,6177fe4ab1e499ce87a0de3a
102.6129984,W,Potencia Casa,1635253834,2021-10-26 13:10:34,6177fe54b1e499ce87a0de3b
77.6529984,W,Potencia Casa,1635253844,2021-10-26 13:10:44,6177fe5eb1e499ce87a0de3c
77.6529984,W,Potencia Casa,1635253844,2021-10-26 13:10:44,6177fe68b1e499ce87a0de3d
63.3129984,W,Potencia Casa,1635253865,2021-10-26 13:11:05,6177fe72b1e499ce87a0de3e
55.0350016,W,Potencia Casa,1635253875,2021-10-26 13:11:15,6177fe7cb1e499ce87a0de3f
51.8870016,W,Potencia Casa,1635253885,2021-10-26 13:11:25,6177fe87b1e499ce87a0de40
54.8899968,W,Potencia Casa,1635253895,2021-10-26 13:11:35,6177fe91b1e499ce87a0de41
52.978,W,Potencia Casa,1635253905,2021-10-26 13:11:45,6177fe9bb1e499ce87a0de42
57.3339968,W,Potencia Casa,1635253915,2021-10-26 13:11:55,6177fea5b1e499ce87a0de43
70.1190016,W,Potencia Casa,1635253925,2021-10-26 13:12:05,6177feafb1e499ce87a0de44
60.14,W,Potencia Casa,1635253935,2021-10-26 13:12:15,6177feb9b1e499ce87a0de45
53.4949984,W,Potencia Casa,1635253946,2021-10-26 13:12:26,6177fec3b1e499ce87a0de46
47.1329984,W,Potencia Casa,1635253956,2021-10-26 13:12:36,6177feceb1e499ce87a0de47
71.116,W,Potencia Casa,1635253966,2021-10-26 13:12:46,6177fed8b1e499ce87a0de48
63.1369984,W,Potencia Casa,1635253976,2021-10-26 13:12:56,6177fee2b1e499ce87a0de49
103.1910016,W,Potencia Casa,1635253993,2021-10-26 13:13:13,6177feecb1e499ce87a0de4a
54.12,W,Potencia Casa,1635253997,2021-10-26 13:13:17,6177fef6b1e499ce87a0de4b
75.8750016,W,Potencia Casa,1635254007,2021-10-26 13:13:27,6177ff00b1e499ce87a0de4c
80.1179968,W,Potencia Casa,1635254017,2021-10-26 13:13:37,6177ff0ab1e499ce87a0de4d
76.62,W,Potencia Casa,1635254028,2021-10-26 13:13:48,6177ff14b1e499ce87a0de4e
16.846,W,Potencia Casa,1635254037,2021-10-26 13:13:57,6177ff1eb1e499ce87a0de4f
38.9529984,W,Potencia Casa,1635254047,2021-10-26 13:14:07,6177ff29b1e499ce87a0de50
81.3379968,W,Potencia Casa,1635254057,2021-10-26 13:14:17,6177ff33b1e499ce87a0de51
77.348,W,Potencia Casa,1635254067,2021-10-26 13:14:27,6177ff3db1e499ce87a0de52
16.789,W,Potencia Casa,1635254077,2021-10-26 13:14:37,6177ff47b1e499ce87a0de53
82.5469952,W,Potencia Casa,1635254087,2021-10-26 13:14:47,6177ff51b1e499ce87a0de54
82.5469952,W,Potencia Casa,1635254087,2021-10-26 13:14:47,6177ff5bb1e499ce87a0de55
72.7649984,W,Potencia Casa,1635254107,2021-10-26 13:15:07,6177ff65b1e499ce87a0de56
16.541,W,Potencia Casa,1635254117,2021-10-26 13:15:17,6177ff6fb1e499ce87a0de57
79.3740032,W,Potencia Casa,1635254128,2021-10-26 13:15:28,6177ff79b1e499ce87a0de58
79.2549952,W,Potencia Casa,1635254138,2021-10-26 13:15:38,6177ff83b1e499ce87a0de59
77.9739968,W,Potencia Casa,1635254148,2021-10-26 13:15:48,6177ff8eb1e499ce87a0de5a
55.9750016,W,Potencia Casa,1635254158,2021-10-26 13:15:58,6177ff98b1e499ce87a0de5b
79.544,W,Potencia Casa,1635254168,2021-10-26 13:16:08,6177ffa2b1e499ce87a0de5c
79.5650048,W,Potencia Casa,1635254178,2021-10-26 13:16:18,6177ffacb1e499ce87a0de5d
78.552,W,Potencia Casa,1635254188,2021-10-26 13:16:28,6177ffb6b1e499ce87a0de5e
50.2389984,W,Potencia Casa,1635254198,2021-10-26 13:16:38,6177ffc0b1e499ce87a0de5f
82.4849984,W,Potencia Casa,1635254209,2021-10-26 13:16:49,6177ffcab1e499ce87a0de60
81.596,W,Potencia Casa,1635254219,2021-10-26 13:16:59,6177ffd4b1e499ce87a0de61
105.6929984,W,Potencia Casa,1635254229,2021-10-26 13:17:09,6177ffdfb1e499ce87a0de62
107.4649984,W,Potencia Casa,1635254239,2021-10-26 13:17:19,6177ffe9b1e499ce87a0de63
96.7839936,W,Potencia Casa,1635254250,2021-10-26 13:17:30,6177fff3b1e499ce87a0de64
90.5820032,W,Potencia Casa,1635254259,2021-10-26 13:17:39,6177fffdb1e499ce87a0de65
66.956,W,Potencia Casa,1635254269,2021-10-26 13:17:49,61780007b1e499ce87a0de66
110.467008,W,Potencia Casa,1635254280,2021-10-26 13:18:00,61780011b1e499ce87a0de67
86.5670016,W,Potencia Casa,1635254290,2021-10-26 13:18:10,6178001bb1e499ce87a0de68
55.8100032,W,Potencia Casa,1635254300,2021-10-26 13:18:20,61780025b1e499ce87a0de69
89.4250048,W,Potencia Casa,1635254310,2021-10-26 13:18:30,61780030b1e499ce87a0de6a
49.428,W,Potencia Casa,1635254320,2021-10-26 13:18:40,6178003ab1e499ce87a0de6b
61.184,W,Potencia Casa,1635254330,2021-10-26 13:18:50,61780044b1e499ce87a0de6c
76.1910016,W,Potencia Casa,1635254344,2021-10-26 13:19:04,6178004eb1e499ce87a0de6d
53.5569984,W,Potencia Casa,1635254350,2021-10-26 13:19:10,61780058b1e499ce87a0de6e
53.4889984,W,Potencia Casa,1635254360,2021-10-26 13:19:20,61780062b1e499ce87a0de6f
53.4889984,W,Potencia Casa,1635254360,2021-10-26 13:19:20,6178006cb1e499ce87a0de70
56.332,W,Potencia Casa,1635254380,2021-10-26 13:19:40,61780076b1e499ce87a0de71
84.7529984,W,Potencia Casa,1635254391,2021-10-26 13:19:51,61780080b1e499ce87a0de72
84.7529984,W,Potencia Casa,1635254391,2021-10-26 13:19:51,6178008bb1e499ce87a0de73
22.83,W,Potencia Casa,1635254411,2021-10-26 13:20:11,61780095b1e499ce87a0de74
20.076,W,Potencia Casa,1635254421,2021-10-26 13:20:21,6178009fb1e499ce87a0de75
18.872,W,Potencia Casa,1635254431,2021-10-26 13:20:31,617800a9b1e499ce87a0de76
15.254,W,Potencia Casa,1635254441,2021-10-26 13:20:41,617800b3b1e499ce87a0de77
3.601,W,Potencia Casa,1635254451,2021-10-26 13:20:51,617800bdb1e499ce87a0de78
36.2809984,W,Potencia Casa,1635254469,2021-10-26 13:21:09,617800c7b1e499ce87a0de79
5.57,W,Potencia Casa,1635254472,2021-10-26 13:21:12,617800d1b1e499ce87a0de7a
29.336,W,Potencia Casa,1635254482,2021-10-26 13:21:22,617800dbb1e499ce87a0de7b
27.7390016,W,Potencia Casa,1635254492,2021-10-26 13:21:32,617800e5b1e499ce87a0de7c
11.058,W,Potencia Casa,1635254502,2021-10-26 13:21:42,617800f0b1e499ce87a0de7d
19.714,W,Potencia Casa,1635254512,2021-10-26 13:21:52,617800fab1e499ce87a0de7e
20.432,W,Potencia Casa,1635254523,2021-10-26 13:22:03,61780104b1e499ce87a0de7f
56.5489984,W,Potencia Casa,1635254532,2021-10-26 13:22:12,6178010eb1e499ce87a0de80
17.171,W,Potencia Casa,1635254542,2021-10-26 13:22:22,61780118b1e499ce87a0de81
22.716,W,Potencia Casa,1635254553,2021-10-26 13:22:33,61780122b1e499ce87a0de82
14.577,W,Potencia Casa,1635254562,2021-10-26 13:22:42,6178012cb1e499ce87a0de83
40.4410016,W,Potencia Casa,1635254573,2021-10-26 13:22:53,61780136b1e499ce87a0de84
40.4410016,W,Potencia Casa,1635254573,2021-10-26 13:22:53,61780140b1e499ce87a0de85
19.993,W,Potencia Casa,1635254593,2021-10-26 13:23:13,6178014ab1e499ce87a0de86
49.236,W,Potencia Casa,1635254603,2021-10-26 13:23:23,61780155b1e499ce87a0de87
30.2089984,W,Potencia Casa,1635254613,2021-10-26 13:23:33,6178015fb1e499ce87a0de88
55.3390016,W,Potencia Casa,1635254623,2021-10-26 13:23:43,61780169b1e499ce87a0de89
66.4140032,W,Potencia Casa,1635254633,2021-10-26 13:23:53,61780173b1e499ce87a0de8a
66.4140032,W,Potencia Casa,1635254633,2021-10-26 13:23:53,6178017db1e499ce87a0de8b
104.2510016,W,Potencia Casa,1635254653,2021-10-26 13:24:13,61780187b1e499ce87a0de8c
92.5770048,W,Potencia Casa,1635254664,2021-10-26 13:24:24,61780191b1e499ce87a0de8d
92.8249984,W,Potencia Casa,1635254674,2021-10-26 13:24:34,6178019bb1e499ce87a0de8e
2.2679998,W,Potencia Casa,1635254684,2021-10-26 13:24:44,617801a6b1e499ce87a0de8f
2.2679998,W,Potencia Casa,1635254684,2021-10-26 13:24:44,617801b0b1e499ce87a0de90
36.9630016,W,Potencia Casa,1635254707,2021-10-26 13:25:07,617801bab1e499ce87a0de91
64.4190016,W,Potencia Casa,1635254714,2021-10-26 13:25:14,617801c4b1e499ce87a0de92
173.0160128,W,Potencia Casa,1635254724,2021-10-26 13:25:24,617801ceb1e499ce87a0de93
125.5980032,W,Potencia Casa,1635254734,2021-10-26 13:25:34,617801d8b1e499ce87a0de94
148.4179968,W,Potencia Casa,1635254744,2021-10-26 13:25:44,617801e2b1e499ce87a0de95
172.100992,W,Potencia Casa,1635254755,2021-10-26 13:25:55,617801ecb1e499ce87a0de96
147.7160064,W,Potencia Casa,1635254765,2021-10-26 13:26:05,617801f6b1e499ce87a0de97
146.8060032,W,Potencia Casa,1635254775,2021-10-26 13:26:15,61780200b1e499ce87a0de98
144.9660032,W,Potencia Casa,1635254785,2021-10-26 13:26:25,6178020bb1e499ce87a0de99
144.227008,W,Potencia Casa,1635254795,2021-10-26 13:26:35,61780215b1e499ce87a0de9a
144.4600064,W,Potencia Casa,1635254805,2021-10-26 13:26:45,6178021fb1e499ce87a0de9b
143.344,W,Potencia Casa,1635254816,2021-10-26 13:26:56,61780229b1e499ce87a0de9c
143.344,W,Potencia Casa,1635254816,2021-10-26 13:26:56,61780234b1e499ce87a0de9d
143.7879936,W,Potencia Casa,1635254836,2021-10-26 13:27:16,6178023eb1e499ce87a0de9e
143.7879936,W,Potencia Casa,1635254836,2021-10-26 13:27:16,61780248b1e499ce87a0de9f
13.668,W,Potencia Casa,1635254856,2021-10-26 13:27:36,61780252b1e499ce87a0dea0
13.668,W,Potencia Casa,1635254856,2021-10-26 13:27:36,6178025cb1e499ce87a0dea1
3.436,W,Potencia Casa,1635254876,2021-10-26 13:27:56,61780266b1e499ce87a0dea2
15.73,W,Potencia Casa,1635254886,2021-10-26 13:28:06,61780270b1e499ce87a0dea3
15.792,W,Potencia Casa,1635254896,2021-10-26 13:28:16,6178027ab1e499ce87a0dea4
3.2809998,W,Potencia Casa,1635254907,2021-10-26 13:28:27,61780284b1e499ce87a0dea5
4.6090004,W,Potencia Casa,1635254917,2021-10-26 13:28:37,6178028eb1e499ce87a0dea6
55.5099968,W,Potencia Casa,1635254927,2021-10-26 13:28:47,61780299b1e499ce87a0dea7
23.714,W,Potencia Casa,1635254937,2021-10-26 13:28:57,617802a3b1e499ce87a0dea8
47.81,W,Potencia Casa,1635254949,2021-10-26 13:29:09,617802adb1e499ce87a0dea9
23.181,W,Potencia Casa,1635254957,2021-10-26 13:29:17,617802b7b1e499ce87a0deaa
59.132,W,Potencia Casa,1635254967,2021-10-26 13:29:27,617802c1b1e499ce87a0deab
23.166,W,Potencia Casa,1635254978,2021-10-26 13:29:38,617802cbb1e499ce87a0deac
77.7249984,W,Potencia Casa,1635254988,2021-10-26 13:29:48,617802d5b1e499ce87a0dead
23.171,W,Potencia Casa,1635254998,2021-10-26 13:29:58,617802dfb1e499ce87a0deae
97.1709952,W,Potencia Casa,1635255008,2021-10-26 13:30:08,617802eab1e499ce87a0deaf
23.156,W,Potencia Casa,1635255018,2021-10-26 13:30:18,617802f4b1e499ce87a0deb0
115.6300032,W,Potencia Casa,1635255028,2021-10-26 13:30:28,617802feb1e499ce87a0deb1
17.228,W,Potencia Casa,1635255038,2021-10-26 13:30:38,61780308b1e499ce87a0deb2
113.4390016,W,Potencia Casa,1635255048,2021-10-26 13:30:48,61780312b1e499ce87a0deb3
17.084,W,Potencia Casa,1635255058,2021-10-26 13:30:58,6178031cb1e499ce87a0deb4
107.0309952,W,Potencia Casa,1635255068,2021-10-26 13:31:08,61780326b1e499ce87a0deb5
36.0330016,W,Potencia Casa,1635255079,2021-10-26 13:31:19,61780330b1e499ce87a0deb6
56.9830016,W,Potencia Casa,1635255089,2021-10-26 13:31:29,6178033ab1e499ce87a0deb7
100.168,W,Potencia Casa,1635255099,2021-10-26 13:31:39,61780344b1e499ce87a0deb8
16.794,W,Potencia Casa,1635255109,2021-10-26 13:31:49,6178034fb1e499ce87a0deb9
110.2349952,W,Potencia Casa,1635255119,2021-10-26 13:31:59,61780359b1e499ce87a0deba
16.743,W,Potencia Casa,1635255129,2021-10-26 13:32:09,61780363b1e499ce87a0debb
113.6969984,W,Potencia Casa,1635255139,2021-10-26 13:32:19,6178036db1e499ce87a0debc
16.4009984,W,Potencia Casa,1635255149,2021-10-26 13:32:29,61780377b1e499ce87a0debd
111.299008,W,Potencia Casa,1635255159,2021-10-26 13:32:39,61780381b1e499ce87a0debe
16.825,W,Potencia Casa,1635255170,2021-10-26 13:32:50,6178038bb1e499ce87a0debf
111.1080064,W,Potencia Casa,1635255179,2021-10-26 13:32:59,61780395b1e499ce87a0dec0
16.923,W,Potencia Casa,1635255190,2021-10-26 13:33:10,6178039fb1e499ce87a0dec1
113.0930048,W,Potencia Casa,1635255200,2021-10-26 13:33:20,617803a9b1e499ce87a0dec2
16.8770016,W,Potencia Casa,1635255210,2021-10-26 13:33:30,617803b4b1e499ce87a0dec3
98.6539968,W,Potencia Casa,1635255220,2021-10-26 13:33:40,617803beb1e499ce87a0dec4
25.336,W,Potencia Casa,1635255230,2021-10-26 13:33:50,617803c8b1e499ce87a0dec5
65.1529984,W,Potencia Casa,1635255240,2021-10-26 13:34:00,617803d2b1e499ce87a0dec6
95.4140032,W,Potencia Casa,1635255250,2021-10-26 13:34:10,617803dcb1e499ce87a0dec7
16.954,W,Potencia Casa,1635255260,2021-10-26 13:34:20,617803e6b1e499ce87a0dec8
116.2089984,W,Potencia Casa,1635255271,2021-10-26 13:34:31,617803f0b1e499ce87a0dec9
16.82,W,Potencia Casa,1635255281,2021-10-26 13:34:41,617803fbb1e499ce87a0deca
105.1029952,W,Potencia Casa,1635255291,2021-10-26 13:34:51,61780405b1e499ce87a0decb
105.1029952,W,Potencia Casa,1635255291,2021-10-26 13:34:51,6178040fb1e499ce87a0decc
114.0540032,W,Potencia Casa,1635255311,2021-10-26 13:35:11,61780419b1e499ce87a0decd
16.582,W,Potencia Casa,1635255321,2021-10-26 13:35:21,61780423b1e499ce87a0dece
113.7129984,W,Potencia Casa,1635255331,2021-10-26 13:35:31,6178042db1e499ce87a0decf
88.9190016,W,Potencia Casa,1635255341,2021-10-26 13:35:41,61780437b1e499ce87a0ded0
22.768,W,Potencia Casa,1635255351,2021-10-26 13:35:51,61780441b1e499ce87a0ded1
20.6439984,W,Potencia Casa,1635255368,2021-10-26 13:36:08,6178044bb1e499ce87a0ded2
20.344,W,Potencia Casa,1635255372,2021-10-26 13:36:12,61780455b1e499ce87a0ded3
20.344,W,Potencia Casa,1635255372,2021-10-26 13:36:12,61780460b1e499ce87a0ded4
3.653,W,Potencia Casa,1635255392,2021-10-26 13:36:32,6178046ab1e499ce87a0ded5
43.18,W,Potencia Casa,1635255402,2021-10-26 13:36:42,61780474b1e499ce87a0ded6
3.503,W,Potencia Casa,1635255412,2021-10-26 13:36:52,6178047eb1e499ce87a0ded7
27.9150016,W,Potencia Casa,1635255424,2021-10-26 13:37:04,61780488b1e499ce87a0ded8
34.6790016,W,Potencia Casa,1635255432,2021-10-26 13:37:12,61780492b1e499ce87a0ded9
20.6130016,W,Potencia Casa,1635255442,2021-10-26 13:37:22,6178049cb1e499ce87a0deda
36.0229984,W,Potencia Casa,1635255453,2021-10-26 13:37:33,617804a6b1e499ce87a0dedb
87.5490048,W,Potencia Casa,1635255463,2021-10-26 13:37:43,617804b0b1e499ce87a0dedc
88.236,W,Potencia Casa,1635255473,2021-10-26 13:37:53,617804bab1e499ce87a0dedd
104.364,W,Potencia Casa,1635255484,2021-10-26 13:38:04,617804c5b1e499ce87a0dede
95.9830016,W,Potencia Casa,1635255493,2021-10-26 13:38:13,617804cfb1e499ce87a0dedf
95.9830016,W,Potencia Casa,1635255493,2021-10-26 13:38:13,617804d9b1e499ce87a0dee0
14.696,W,Potencia Casa,1635255513,2021-10-26 13:38:33,617804e3b1e499ce87a0dee1
21.569,W,Potencia Casa,1635255523,2021-10-26 13:38:43,617804edb1e499ce87a0dee2
30.7830016,W,Potencia Casa,1635255533,2021-10-26 13:38:53,617804f8b1e499ce87a0dee3
30.7830016,W,Potencia Casa,1635255533,2021-10-26 13:38:53,61780502b1e499ce87a0dee4
85.9940032,W,Potencia Casa,1635255554,2021-10-26 13:39:14,6178050cb1e499ce87a0dee5
93.1770048,W,Potencia Casa,1635255564,2021-10-26 13:39:24,61780516b1e499ce87a0dee6
142.2120064,W,Potencia Casa,1635255574,2021-10-26 13:39:34,61780520b1e499ce87a0dee7
161.8749952,W,Potencia Casa,1635255586,2021-10-26 13:39:46,6178052bb1e499ce87a0dee8
161.8749952,W,Potencia Casa,1635255586,2021-10-26 13:39:46,61780535b1e499ce87a0dee9
242.1380096,W,Potencia Casa,1635255607,2021-10-26 13:40:07,6178053fb1e499ce87a0deea
240.6390016,W,Potencia Casa,1635255615,2021-10-26 13:40:15,61780549b1e499ce87a0deeb
238.8979968,W,Potencia Casa,1635255625,2021-10-26 13:40:25,61780553b1e499ce87a0deec
235.270016,W,Potencia Casa,1635255635,2021-10-26 13:40:35,6178055db1e499ce87a0deed
232.164992,W,Potencia Casa,1635255646,2021-10-26 13:40:46,61780567b1e499ce87a0deee
231.7100032,W,Potencia Casa,1635255656,2021-10-26 13:40:56,61780571b1e499ce87a0deef
230.0249856,W,Potencia Casa,1635255668,2021-10-26 13:41:08,6178057cb1e499ce87a0def0
15.513,W,Potencia Casa,1635255676,2021-10-26 13:41:16,61780586b1e499ce87a0def1
15.632,W,Potencia Casa,1635255686,2021-10-26 13:41:26,61780590b1e499ce87a0def2
15.017,W,Potencia Casa,1635255696,2021-10-26 13:41:36,6178059ab1e499ce87a0def3
3.0280002,W,Potencia Casa,1635255706,2021-10-26 13:41:46,617805a4b1e499ce87a0def4
38.3069984,W,Potencia Casa,1635255716,2021-10-26 13:41:56,617805aeb1e499ce87a0def5
30.7049984,W,Potencia Casa,1635255726,2021-10-26 13:42:06,617805b8b1e499ce87a0def6
3.477,W,Potencia Casa,1635255737,2021-10-26 13:42:17,617805c2b1e499ce87a0def7
16.355,W,Potencia Casa,1635255747,2021-10-26 13:42:27,617805ccb1e499ce87a0def8
17.528,W,Potencia Casa,1635255757,2021-10-26 13:42:37,617805d7b1e499ce87a0def9
46.6269984,W,Potencia Casa,1635255767,2021-10-26 13:42:47,617805e1b1e499ce87a0defa
17.445,W,Potencia Casa,1635255777,2021-10-26 13:42:57,617805ebb1e499ce87a0defb
51.0550016,W,Potencia Casa,1635255787,2021-10-26 13:43:07,617805f5b1e499ce87a0defc
17.616,W,Potencia Casa,1635255797,2021-10-26 13:43:17,617805ffb1e499ce87a0defd
51.614,W,Potencia Casa,1635255807,2021-10-26 13:43:27,61780609b1e499ce87a0defe
88.588,W,Potencia Casa,1635255817,2021-10-26 13:43:37,61780613b1e499ce87a0deff
74.2580032,W,Potencia Casa,1635255827,2021-10-26 13:43:47,6178061db1e499ce87a0df00
17.5540016,W,Potencia Casa,1635255838,2021-10-26 13:43:58,61780627b1e499ce87a0df01
67.1729984,W,Potencia Casa,1635255848,2021-10-26 13:44:08,61780632b1e499ce87a0df02
67.1729984,W,Potencia Casa,1635255848,2021-10-26 13:44:08,6178063cb1e499ce87a0df03
66.8679936,W,Potencia Casa,1635255868,2021-10-26 13:44:28,61780646b1e499ce87a0df04
17.812,W,Potencia Casa,1635255878,2021-10-26 13:44:38,61780650b1e499ce87a0df05
69.7779968,W,Potencia Casa,1635255888,2021-10-26 13:44:48,6178065ab1e499ce87a0df06
17.848,W,Potencia Casa,1635255898,2021-10-26 13:44:58,61780664b1e499ce87a0df07
73.9219968,W,Potencia Casa,1635255909,2021-10-26 13:45:09,6178066eb1e499ce87a0df08
17.7970016,W,Potencia Casa,1635255919,2021-10-26 13:45:19,61780678b1e499ce87a0df09
66.848,W,Potencia Casa,1635255929,2021-10-26 13:45:29,61780682b1e499ce87a0df0a
17.859,W,Potencia Casa,1635255939,2021-10-26 13:45:39,6178068db1e499ce87a0df0b
24.938,W,Potencia Casa,1635255949,2021-10-26 13:45:49,61780697b1e499ce87a0df0c
29.92,W,Potencia Casa,1635255959,2021-10-26 13:45:59,617806a1b1e499ce87a0df0d
94.768,W,Potencia Casa,1635255969,2021-10-26 13:46:09,617806abb1e499ce87a0df0e
29.5690016,W,Potencia Casa,1635255979,2021-10-26 13:46:19,617806b5b1e499ce87a0df0f
99.9310016,W,Potencia Casa,1635255990,2021-10-26 13:46:30,617806bfb1e499ce87a0df10
29.1030016,W,Potencia Casa,1635256000,2021-10-26 13:46:40,617806c9b1e499ce87a0df11
124.5899904,W,Potencia Casa,1635256010,2021-10-26 13:46:50,617806d4b1e499ce87a0df12
29.134,W,Potencia Casa,1635256020,2021-10-26 13:47:00,617806deb1e499ce87a0df13
17.192,W,Potencia Casa,1635256030,2021-10-26 13:47:10,617806e8b1e499ce87a0df14
107.0309952,W,Potencia Casa,1635256040,2021-10-26 13:47:20,617806f2b1e499ce87a0df15
17.156,W,Potencia Casa,1635256050,2021-10-26 13:47:30,617806fcb1e499ce87a0df16
114.7049984,W,Potencia Casa,1635256060,2021-10-26 13:47:40,61780706b1e499ce87a0df17
17.306,W,Potencia Casa,1635256071,2021-10-26 13:47:51,61780710b1e499ce87a0df18
17.218,W,Potencia Casa,1635256085,2021-10-26 13:48:05,6178071bb1e499ce87a0df19
38.348,W,Potencia Casa,1635256091,2021-10-26 13:48:11,61780725b1e499ce87a0df1a
51.0349984,W,Potencia Casa,1635256101,2021-10-26 13:48:21,6178072fb1e499ce87a0df1b
96.1740032,W,Potencia Casa,1635256111,2021-10-26 13:48:31,61780739b1e499ce87a0df1c
17.2900016,W,Potencia Casa,1635256121,2021-10-26 13:48:41,61780743b1e499ce87a0df1d
114.7049984,W,Potencia Casa,1635256131,2021-10-26 13:48:51,6178074db1e499ce87a0df1e
114.7049984,W,Potencia Casa,1635256131,2021-10-26 13:48:51,61780757b1e499ce87a0df1f
105.7440064,W,Potencia Casa,1635256153,2021-10-26 13:49:13,61780761b1e499ce87a0df20
17.2900016,W,Potencia Casa,1635256162,2021-10-26 13:49:22,6178076bb1e499ce87a0df21
105.5169984,W,Potencia Casa,1635256173,2021-10-26 13:49:33,61780775b1e499ce87a0df22
17.3110016,W,Potencia Casa,1635256183,2021-10-26 13:49:43,61780780b1e499ce87a0df23
103.7340032,W,Potencia Casa,1635256193,2021-10-26 13:49:53,6178078ab1e499ce87a0df24
17.202,W,Potencia Casa,1635256202,2021-10-26 13:50:02,61780794b1e499ce87a0df25
111.8060032,W,Potencia Casa,1635256212,2021-10-26 13:50:12,6178079eb1e499ce87a0df26
17.1299984,W,Potencia Casa,1635256222,2021-10-26 13:50:22,617807a8b1e499ce87a0df27
112.2710016,W,Potencia Casa,1635256232,2021-10-26 13:50:32,617807b2b1e499ce87a0df28
112.2710016,W,Potencia Casa,1635256232,2021-10-26 13:50:32,617807bcb1e499ce87a0df29
109.6969984,W,Potencia Casa,1635256252,2021-10-26 13:50:52,617807c6b1e499ce87a0df2a
111.8729984,W,Potencia Casa,1635256268,2021-10-26 13:51:08,617807d0b1e499ce87a0df2b
17.213,W,Potencia Casa,1635256273,2021-10-26 13:51:13,617807dbb1e499ce87a0df2c
112.5549952,W,Potencia Casa,1635256283,2021-10-26 13:51:23,617807e5b1e499ce87a0df2d
17.156,W,Potencia Casa,1635256293,2021-10-26 13:51:33,617807efb1e499ce87a0df2e
105.0409984,W,Potencia Casa,1635256303,2021-10-26 13:51:43,617807f9b1e499ce87a0df2f
17.104,W,Potencia Casa,1635256313,2021-10-26 13:51:53,61780803b1e499ce87a0df30
115.656,W,Potencia Casa,1635256326,2021-10-26 13:52:06,6178080db1e499ce87a0df31
16.923,W,Potencia Casa,1635256333,2021-10-26 13:52:13,61780817b1e499ce87a0df32
101.512,W,Potencia Casa,1635256344,2021-10-26 13:52:24,61780822b1e499ce87a0df33
16.918,W,Potencia Casa,1635256354,2021-10-26 13:52:34,6178082cb1e499ce87a0df34
106.7,W,Potencia Casa,1635256364,2021-10-26 13:52:44,61780836b1e499ce87a0df35
17.0990016,W,Potencia Casa,1635256374,2021-10-26 13:52:54,61780840b1e499ce87a0df36
16.98,W,Potencia Casa,1635256391,2021-10-26 13:53:11,6178084ab1e499ce87a0df37
19.202,W,Potencia Casa,1635256395,2021-10-26 13:53:15,61780854b1e499ce87a0df38
74.3049984,W,Potencia Casa,1635256406,2021-10-26 13:53:26,6178085eb1e499ce87a0df39
87.1249984,W,Potencia Casa,1635256416,2021-10-26 13:53:36,61780868b1e499ce87a0df3a
16.851,W,Potencia Casa,1635256426,2021-10-26 13:53:46,61780873b1e499ce87a0df3b
109.9250048,W,Potencia Casa,1635256436,2021-10-26 13:53:56,6178087db1e499ce87a0df3c
10.102,W,Potencia Casa,1635256446,2021-10-26 13:54:06,61780887b1e499ce87a0df3d
89.3779968,W,Potencia Casa,1635256456,2021-10-26 13:54:16,61780891b1e499ce87a0df3e
23.631,W,Potencia Casa,1635256466,2021-10-26 13:54:26,6178089bb1e499ce87a0df3f
22.634,W,Potencia Casa,1635256476,2021-10-26 13:54:36,617808a5b1e499ce87a0df40
20.763,W,Potencia Casa,1635256486,2021-10-26 13:54:46,617808afb1e499ce87a0df41
20.153,W,Potencia Casa,1635256497,2021-10-26 13:54:57,617808b9b1e499ce87a0df42
14.82,W,Potencia Casa,1635256513,2021-10-26 13:55:13,617808c3b1e499ce87a0df43
3.601,W,Potencia Casa,1635256517,2021-10-26 13:55:17,617808cdb1e499ce87a0df44
54.0630016,W,Potencia Casa,1635256527,2021-10-26 13:55:27,617808d8b1e499ce87a0df45
34.1990016,W,Potencia Casa,1635256537,2021-10-26 13:55:37,617808e2b1e499ce87a0df46
19.869,W,Potencia Casa,1635256547,2021-10-26 13:55:47,617808ecb1e499ce87a0df47
31.5529984,W,Potencia Casa,1635256557,2021-10-26 13:55:57,617808f6b1e499ce87a0df48
50.9059968,W,Potencia Casa,1635256566,2021-10-26 13:56:06,61780900b1e499ce87a0df49
19.425,W,Potencia Casa,1635256576,2021-10-26 13:56:16,6178090ab1e499ce87a0df4a
63.8449984,W,Potencia Casa,1635256587,2021-10-26 13:56:27,61780914b1e499ce87a0df4b
73.948,W,Potencia Casa,1635256597,2021-10-26 13:56:37,6178091eb1e499ce87a0df4c
95.1869952,W,Potencia Casa,1635256607,2021-10-26 13:56:47,61780929b1e499ce87a0df4d
111.232,W,Potencia Casa,1635256617,2021-10-26 13:56:57,61780933b1e499ce87a0df4e
94.1950016,W,Potencia Casa,1635256633,2021-10-26 13:57:13,6178093db1e499ce87a0df4f
93.8740032,W,Potencia Casa,1635256638,2021-10-26 13:57:18,61780947b1e499ce87a0df50
10.293,W,Potencia Casa,1635256648,2021-10-26 13:57:28,61780951b1e499ce87a0df51
33.5009984,W,Potencia Casa,1635256658,2021-10-26 13:57:38,6178095bb1e499ce87a0df52
29.264,W,Potencia Casa,1635256668,2021-10-26 13:57:48,61780965b1e499ce87a0df53
71.5710016,W,Potencia Casa,1635256679,2021-10-26 13:57:59,6178096fb1e499ce87a0df54
121.9810048,W,Potencia Casa,1635256696,2021-10-26 13:58:16,6178097ab1e499ce87a0df55
126.4039936,W,Potencia Casa,1635256699,2021-10-26 13:58:19,61780984b1e499ce87a0df56
140.419008,W,Potencia Casa,1635256709,2021-10-26 13:58:29,6178098eb1e499ce87a0df57
154.816,W,Potencia Casa,1635256719,2021-10-26 13:58:39,61780998b1e499ce87a0df58
166.964992,W,Potencia Casa,1635256729,2021-10-26 13:58:49,617809a2b1e499ce87a0df59
182.08,W,Potencia Casa,1635256739,2021-10-26 13:58:59,617809acb1e499ce87a0df5a
205.9910016,W,Potencia Casa,1635256752,2021-10-26 13:59:12,617809b6b1e499ce87a0df5b
222.6200064,W,Potencia Casa,1635256759,2021-10-26 13:59:19,617809c0b1e499ce87a0df5c
245.1820032,W,Potencia Casa,1635256769,2021-10-26 13:59:29,617809cab1e499ce87a0df5d
266.564992,W,Potencia Casa,1635256780,2021-10-26 13:59:40,617809d5b1e499ce87a0df5e
239.0060032,W,Potencia Casa,1635256790,2021-10-26 13:59:50,617809dfb1e499ce87a0df5f
237.0690048,W,Potencia Casa,1635256800,2021-10-26 14:00:00,617809e9b1e499ce87a0df60
234.8100096,W,Potencia Casa,1635256809,2021-10-26 14:00:09,617809f3b1e499ce87a0df61
233.312,W,Potencia Casa,1635256819,2021-10-26 14:00:19,617809fdb1e499ce87a0df62
233.312,W,Potencia Casa,1635256819,2021-10-26 14:00:19,61780a07b1e499ce87a0df63
230.3559936,W,Potencia Casa,1635256840,2021-10-26 14:00:40,61780a11b1e499ce87a0df64
15.032,W,Potencia Casa,1635256850,2021-10-26 14:00:50,61780a1bb1e499ce87a0df65
14.541,W,Potencia Casa,1635256860,2021-10-26 14:01:00,61780a25b1e499ce87a0df66
14.541,W,Potencia Casa,1635256860,2021-10-26 14:01:00,61780a2fb1e499ce87a0df67
44.152,W,Potencia Casa,1635256880,2021-10-26 14:01:20,61780a3ab1e499ce87a0df68
18.22,W,Potencia Casa,1635256890,2021-10-26 14:01:30,61780a44b1e499ce87a0df69
51.1430016,W,Potencia Casa,1635256900,2021-10-26 14:01:40,61780a4eb1e499ce87a0df6a
204.2749952,W,Potencia Casa,1635256910,2021-10-26 14:01:50,61780a58b1e499ce87a0df6b
154.8470016,W,Potencia Casa,1635256921,2021-10-26 14:02:01,61780a62b1e499ce87a0df6c
417.3149952,W,Potencia Casa,1635256930,2021-10-26 14:02:10,61780a6cb1e499ce87a0df6d
237.9880192,W,Potencia Casa,1635256941,2021-10-26 14:02:21,61780a76b1e499ce87a0df6e
235.5800064,W,Potencia Casa,1635256951,2021-10-26 14:02:31,61780a80b1e499ce87a0df6f
236.2370048,W,Potencia Casa,1635256961,2021-10-26 14:02:41,61780a8ab1e499ce87a0df70
236.2370048,W,Potencia Casa,1635256961,2021-10-26 14:02:41,61780a95b1e499ce87a0df71
236.2370048,W,Potencia Casa,1635256961,2021-10-26 14:02:41,61780a9fb1e499ce87a0df72
235.8850048,W,Potencia Casa,1635256994,2021-10-26 14:03:14,61780aa9b1e499ce87a0df73
236.5570048,W,Potencia Casa,1635257001,2021-10-26 14:03:21,61780ab3b1e499ce87a0df74
235.6630016,W,Potencia Casa,1635257011,2021-10-26 14:03:31,61780abdb1e499ce87a0df75
235.0840064,W,Potencia Casa,1635257022,2021-10-26 14:03:42,61780ac7b1e499ce87a0df76
236.8829952,W,Potencia Casa,1635257031,2021-10-26 14:03:51,61780ad1b1e499ce87a0df77
240.452992,W,Potencia Casa,1635257051,2021-10-26 14:04:11,61780adbb1e499ce87a0df78
240.464,W,Potencia Casa,1635257052,2021-10-26 14:04:12,61780ae5b1e499ce87a0df79
238.8569856,W,Potencia Casa,1635257062,2021-10-26 14:04:22,61780aefb1e499ce87a0df7a
238.8,W,Potencia Casa,1635257072,2021-10-26 14:04:32,61780afab1e499ce87a0df7b
239.3220096,W,Potencia Casa,1635257082,2021-10-26 14:04:42,61780b04b1e499ce87a0df7c
238.8770048,W,Potencia Casa,1635257092,2021-10-26 14:04:52,61780b0eb1e499ce87a0df7d
238.5359872,W,Potencia Casa,1635257109,2021-10-26 14:05:09,61780b18b1e499ce87a0df7e
239.9620096,W,Potencia Casa,1635257112,2021-10-26 14:05:12,61780b22b1e499ce87a0df7f
237.6780032,W,Potencia Casa,1635257122,2021-10-26 14:05:22,61780b2cb1e499ce87a0df80
238.8150016,W,Potencia Casa,1635257133,2021-10-26 14:05:33,61780b36b1e499ce87a0df81
238.7120128,W,Potencia Casa,1635257143,2021-10-26 14:05:43,61780b40b1e499ce87a0df82
236.5880064,W,Potencia Casa,1635257153,2021-10-26 14:05:53,61780b4ab1e499ce87a0df83
238.0450048,W,Potencia Casa,1635257168,2021-10-26 14:06:08,61780b54b1e499ce87a0df84
235.6169984,W,Potencia Casa,1635257173,2021-10-26 14:06:13,61780b5fb1e499ce87a0df85
237.5699968,W,Potencia Casa,1635257183,2021-10-26 14:06:23,61780b69b1e499ce87a0df86
234.294016,W,Potencia Casa,1635257193,2021-10-26 14:06:33,61780b73b1e499ce87a0df87
234.294016,W,Potencia Casa,1635257193,2021-10-26 14:06:33,61780b7db1e499ce87a0df88
235.5910144,W,Potencia Casa,1635257213,2021-10-26 14:06:53,61780b87b1e499ce87a0df89
235.812992,W,Potencia Casa,1635257228,2021-10-26 14:07:08,61780b91b1e499ce87a0df8a
234.9910016,W,Potencia Casa,1635257234,2021-10-26 14:07:14,61780b9bb1e499ce87a0df8b
233.6989952,W,Potencia Casa,1635257244,2021-10-26 14:07:24,61780ba5b1e499ce87a0df8c
235.9730176,W,Potencia Casa,1635257254,2021-10-26 14:07:34,61780bafb1e499ce87a0df8d
234.5829888,W,Potencia Casa,1635257264,2021-10-26 14:07:44,61780bb9b1e499ce87a0df8e
234.5829888,W,Potencia Casa,1635257264,2021-10-26 14:07:44,61780bc4b1e499ce87a0df8f
234.5160192,W,Potencia Casa,1635257284,2021-10-26 14:08:04,61780bceb1e499ce87a0df90
233.8390016,W,Potencia Casa,1635257294,2021-10-26 14:08:14,61780bd8b1e499ce87a0df91
232.804992,W,Potencia Casa,1635257304,2021-10-26 14:08:24,61780be2b1e499ce87a0df92
233.7349888,W,Potencia Casa,1635257315,2021-10-26 14:08:35,61780becb1e499ce87a0df93
233.7349888,W,Potencia Casa,1635257315,2021-10-26 14:08:35,61780bf6b1e499ce87a0df94
231.8959872,W,Potencia Casa,1635257335,2021-10-26 14:08:55,61780c00b1e499ce87a0df95
230.2629888,W,Potencia Casa,1635257348,2021-10-26 14:09:08,61780c0bb1e499ce87a0df96
230.2889984,W,Potencia Casa,1635257355,2021-10-26 14:09:15,61780c15b1e499ce87a0df97
229.6889856,W,Potencia Casa,1635257365,2021-10-26 14:09:25,61780c1fb1e499ce87a0df98
228.9400064,W,Potencia Casa,1635257375,2021-10-26 14:09:35,61780c29b1e499ce87a0df99
230.1289984,W,Potencia Casa,1635257385,2021-10-26 14:09:45,61780c33b1e499ce87a0df9a
230.8730112,W,Potencia Casa,1635257395,2021-10-26 14:09:55,61780c3db1e499ce87a0df9b
231.8340096,W,Potencia Casa,1635257406,2021-10-26 14:10:06,61780c47b1e499ce87a0df9c
229.9990016,W,Potencia Casa,1635257415,2021-10-26 14:10:15,61780c51b1e499ce87a0df9d
229.828992,W,Potencia Casa,1635257426,2021-10-26 14:10:26,61780c5bb1e499ce87a0df9e
227.8959872,W,Potencia Casa,1635257436,2021-10-26 14:10:36,61780c65b1e499ce87a0df9f
228.6660096,W,Potencia Casa,1635257446,2021-10-26 14:10:46,61780c70b1e499ce87a0dfa0
230.0559872,W,Potencia Casa,1635257456,2021-10-26 14:10:56,61780c7ab1e499ce87a0dfa1
227.8700032,W,Potencia Casa,1635257466,2021-10-26 14:11:06,61780c84b1e499ce87a0dfa2
225.673984,W,Potencia Casa,1635257476,2021-10-26 14:11:16,61780c8eb1e499ce87a0dfa3
226.2680064,W,Potencia Casa,1635257486,2021-10-26 14:11:26,61780c98b1e499ce87a0dfa4
14.877,W,Potencia Casa,1635257497,2021-10-26 14:11:37,61780ca2b1e499ce87a0dfa5
14.216,W,Potencia Casa,1635257506,2021-10-26 14:11:46,61780cacb1e499ce87a0dfa6
2.2320002,W,Potencia Casa,1635257517,2021-10-26 14:11:57,61780cb6b1e499ce87a0dfa7
67.7050048,W,Potencia Casa,1635257527,2021-10-26 14:12:07,61780cc0b1e499ce87a0dfa8
3.482,W,Potencia Casa,1635257537,2021-10-26 14:12:17,61780ccab1e499ce87a0dfa9
3.482,W,Potencia Casa,1635257537,2021-10-26 14:12:17,61780cd5b1e499ce87a0dfaa
3.596,W,Potencia Casa,1635257557,2021-10-26 14:12:37,61780cdfb1e499ce87a0dfab
19.052,W,Potencia Casa,1635257567,2021-10-26 14:12:47,61780ce9b1e499ce87a0dfac
